{
    "images":
    {
        "title":
        {
            "image" : "mainmenu:textures/logo.png",
            "posX" : -250,
            "posY" : 30,
            "width" : 512,
            "height" : 512,
			"alignment" : "top_center"
        },
		"black_sp":
        {
            "image" : "mainmenu:textures/buttons/bg_hex2.png",
            "posX" : 44,
            "posY" : 18,
            "width" : 56,
            "height" : 68,
            "alignment" : "top_left"
        },
		"black_mp":
        {
            "image" : "mainmenu:textures/buttons/bg_hex2.png",
            "posX" : 102,
            "posY" : 18,
            "width" : 56,
            "height" : 68,
            "alignment" : "top_left"
        },
		"black_mod":
        {
            "image" : "mainmenu:textures/buttons/bg_hex2.png",
            "posX" : 73,
            "posY" : 71,
            "width" : 56,
            "height" : 68,
            "alignment" : "top_left"
        },
		"black_sett":
        {
            "image" : "mainmenu:textures/buttons/bg_hex2.png",
            "posX" : 15,
            "posY" : 71,
            "width" : 56,
            "height" : 68,
            "alignment" : "top_left"
        }
	
	},
    
    "buttons":
    {     
	
		"sp_button":
        {
            "text" : "",
			"normalTextColor" : 12303291,
			"hoverTextColor" : 3125670,
			"texture" : "mainmenu:textures/buttons/single.png",
            "posX" : 40,
            "posY" : 20,
            "width" : 64,
            "height" : 64,
			"imageWidth" : 128,
			"imageHeight" : 128,
			"alignment" : "left_top",
            "action" : 
            {
                "type" : "openGui",
                "gui" : "singleplayer"
            }
        },
		"multiplayer":
        {
            "text" : "",
			"normalTextColor" : 12303291,
			"hoverTextColor" : 3125670,
			"texture" : "mainmenu:textures/buttons/multi.png",
            "posX" : 98,
            "posY" : 20,
            "width" : 64,
            "height" : 64,
			"imageWidth" : 128,
			"imageHeight" : 128,
			"alignment" : "left_top",
            "action" : 
            {
                "type" : "openGui",
                "gui" : "multiplayer"
            }
        },
               
		"options":
        {
            "text" : "",
			"normalTextColor" : 12303291,
			"hoverTextColor" : 3125670,
			"texture" : "mainmenu:textures/buttons/settings.png",
            "posX" : 11,
            "posY" : 73,
            "width" : 64,
            "height" : 64,
			"imageWidth" : 128,
			"imageHeight" : 128,
			"alignment" : "left_top",
            "action" : 
            {
                "type" : "openGui",
                "gui" : "options"
            }
        },

    

        "mods":
        {
            "text" : "",
			"normalTextColor" : 12303291,
			"hoverTextColor" : 3125670,
			"texture" : "mainmenu:textures/buttons/mods.png",
            "posX" : 69,
            "posY" : 73,
            "width" : 64,
            "height" : 64,
			"imageWidth" : 128,
			"imageHeight" : 128,
			"alignment" : "left_top",
            "action" : 
            {
                "type" : "openGui",
                "gui" : "mods"
            }
        },	        
		"quit":
        {
            "text" : "",
			"normalTextColor" : 12303291,
			"hoverTextColor" : 3125670,
			"texture" : "mainmenu:textures/buttons/quit.png",
            "posX" : -69,
            "posY" : -85,
            "width" : 64,
            "height" : 64,
			"imageWidth" : 128,
			"imageHeight" : 128,
			"alignment" : "bottom_right",
            "action" : 
            {
                "type" : "quit"
            }
        },        
		"language":
        {
            "text" : "",
			"normalTextColor" : 12303291,
			"hoverTextColor" : 3125670,
			"texture" : "mainmenu:textures/buttons/lang.png",
            "posX" : -127,
            "posY" : -85,
            "width" : 64,
            "height" : 64,
			"imageWidth" : 128,
			"imageHeight" : 128,
			"alignment" : "bottom_right",
            "action" : 
            {
                "type" : "openGui",
                "gui" : "languages"
            }
        },
        "versionChecker":
        {
            "text" : "Version-Checker",
            "posX" : 2,
            "posY" : -35,
            "width" : 100,
            "height" : 20,
			"imageWidth" : 100,
			"imageHeight" : 50,			
			"alignment" : "bottom_left",
            "wrappedButton" : 404
        },
        "website":
        {
            "text" : "Forums",
            "normalTextColor" : 12303291,
            "hoverTextColor" : 3125670,
            "texture" : "mainmenu:textures/buttons/pglogo.png",
            "posX" : -64,
            "posY" : 20,
            "width" : 64,
            "height" : 64,
            "imageWidth" : 128,
            "imageHeight" : 128,			
            "alignment" : "top_right",
            "action" : 
            {
                "type" : "openLink",
                "link" : "http://www.powergaming.pw/"
            }
        }
    },

    "texts":
    {
        "mojang":
        {
            "text" : "Forge #forgeversion# for MC #mcversion# - Copyright Mojang AB. Do not distribute!",
            "posX" : 2,
            "posY" : -10,
            "color" : -1,
            "alignment" : "bottom_left"
        },

		"packTxt":
        {
            "text" : "PowerGaming2.0 Beta 0.1.0.1",
            "posX" : 2,
            "posY" : 2,
            "color" : -1,
            "alignment" : "top_left"
        }
    },

    "alignments":
    {
        "c1":
        {
            "factorWidth" : 0.5,
            "factorHeight" : 0.7
        },
 
        "c2":
        {
            "factorWidth" : 0.2,
            "factorHeight" : 0.2
        }
    },
    "other":
    {
		"background":
		{
			"image" : "mainmenu:textures/bg.png",
			"mode" : "fill"
		}
    }
}'