[
  {
    "resourceLocation": "mainmenu:textures/stonebrick_cracked.png",
    "positionType": "CENTER",
    "type": "STATIC",
    "texture": {
      "x": 0,
      "y": 0,
      "width": 65536,
      "height": 65536
    },
    "position": {
      "x": 0,
      "y": 0,
      "width": 8192,
      "height": 8192
    },
    "colour": "404040"
  },
  {
    "resourceLocation": "mainmenu:textures/logo.png",
    "positionType": "CENTER",
    "type": "STATIC",
    "texture": {
      "x": 0,
      "y": 0,
      "width": 256,
      "height": 256
    },
    "position": {
      "x": 0,
      "y": -64,
      "width": 256,
      "height": 256
    }
  },
  {
    "resourceLocation": "textures/font/ascii.png",
    "positionType": "CENTER",
    "type": "DYNAMIC_TEXT_STATUS",
    "position": {
      "x": 0,
      "y": -30,
      "width": 0,
      "height": 0
    },
    "colour": "666666"
  },
  {
    "resourceLocation": "textures/font/ascii.png",
    "positionType": "CENTER",
    "type": "DYNAMIC_TEXT_PERCENTAGE",
    "position": {
      "x": 0,
      "y": -40,
      "width": 0,
      "height": 0
    },
    "colour": "666666"
  },
  {
    "resourceLocation": "mainmenu:textures/loadingbara.png",
    "positionType": "CENTER",
    "type": "STATIC",
    "texture": {
      "x": 0,
      "y": 0,
      "width": 256,
      "height": 128
    },
    "position": {
      "x": 0,
      "y": -100,
      "width": 300,
      "height": 15
    }
  },
  {
    "resourceLocation": "mainmenu:textures/loadingbara.png",
    "positionType": "CENTER",
    "type": "DYNAMIC_PERCENTAGE",
    "texture": {
      "x": 0,
      "y": 128,
      "width": 256,
      "height": 128
    },
    "position": {
      "x": 0,
      "y": -100,
      "width": 300,
      "height": 15
    }
  },
  {
    "type": "CLEAR_COLOUR",
    "colour": "111111"
  }
]